OID_,CS4_Id,CS4_AvgTt,CS4_MedTt,CS4_ratio,CS4_AvgSp,CS4_HvgSp,CS4_MedSp,CS4_SdSp,CS4_Hits,CS4_P5sp,CS4_P10sp,CS4_P15sp,CS4_P20sp,CS4_P25sp,CS4_P30sp,CS4_P35sp,CS4_P40sp,CS4_P45sp,CS4_P50sp,CS4_P55sp,CS4_P60sp,CS4_P65sp,CS4_P70sp,CS4_P75sp,CS4_P80sp,CS4_P85sp,CS4_P90sp,CS4_P95sp
,1.000000000000000,18.430000000000000,18.120000000000001,1.130000000000000,87.950000000000003,86.010000000000005,87.500000000000000,11.980000000000000,15743.000000000000000,70.000000000000000,74.000000000000000,77.000000000000000,79.000000000000000,81.000000000000000,83.000000000000000,84.000000000000000,85.000000000000000,86.000000000000000,88.000000000000000,89.000000000000000,90.000000000000000,91.000000000000000,93.000000000000000,94.000000000000000,97.000000000000000,99.000000000000000,103.000000000000000,109.000000000000000
,2.000000000000000,1.260000000000000,1.240000000000000,1.110000000000000,87.849999999999994,85.719999999999999,87.099999999999994,13.000000000000000,15913.000000000000000,68.000000000000000,73.000000000000000,76.000000000000000,78.000000000000000,80.000000000000000,82.000000000000000,83.000000000000000,85.000000000000000,86.000000000000000,87.000000000000000,88.000000000000000,90.000000000000000,91.000000000000000,93.000000000000000,95.000000000000000,97.000000000000000,100.000000000000000,104.000000000000000,110.000000000000000
,3.000000000000000,16.629999999999999,16.190000000000001,1.120000000000000,88.019999999999996,85.310000000000002,87.599999999999994,13.199999999999999,15776.000000000000000,68.000000000000000,73.000000000000000,76.000000000000000,78.000000000000000,80.000000000000000,82.000000000000000,84.000000000000000,85.000000000000000,86.000000000000000,88.000000000000000,89.000000000000000,90.000000000000000,92.000000000000000,94.000000000000000,96.000000000000000,98.000000000000000,100.000000000000000,104.000000000000000,110.000000000000000
,4.000000000000000,4.730000000000000,4.620000000000000,1.120000000000000,91.709999999999994,88.739999999999995,90.799999999999997,14.529999999999999,15877.000000000000000,69.000000000000000,75.000000000000000,78.000000000000000,81.000000000000000,83.000000000000000,85.000000000000000,87.000000000000000,88.000000000000000,89.000000000000000,91.000000000000000,92.000000000000000,94.000000000000000,96.000000000000000,98.000000000000000,100.000000000000000,103.000000000000000,106.000000000000000,110.000000000000000,116.000000000000000
,5.000000000000000,0.460000000000000,0.440000000000000,1.130000000000000,91.000000000000000,87.489999999999995,90.400000000000006,15.230000000000000,15910.000000000000000,67.000000000000000,73.000000000000000,77.000000000000000,80.000000000000000,82.000000000000000,84.000000000000000,86.000000000000000,87.000000000000000,89.000000000000000,90.000000000000000,92.000000000000000,94.000000000000000,96.000000000000000,98.000000000000000,100.000000000000000,103.000000000000000,106.000000000000000,110.000000000000000,116.000000000000000
,6.000000000000000,0.340000000000000,0.340000000000000,1.130000000000000,90.659999999999997,87.299999999999997,89.599999999999994,15.369999999999999,15911.000000000000000,67.000000000000000,72.000000000000000,76.000000000000000,79.000000000000000,81.000000000000000,83.000000000000000,85.000000000000000,87.000000000000000,88.000000000000000,90.000000000000000,92.000000000000000,94.000000000000000,96.000000000000000,98.000000000000000,100.000000000000000,103.000000000000000,106.000000000000000,110.000000000000000,116.000000000000000
,7.000000000000000,7.370000000000000,7.180000000000000,1.120000000000000,88.489999999999995,85.840000000000003,88.099999999999994,14.300000000000001,15903.000000000000000,66.000000000000000,71.000000000000000,75.000000000000000,78.000000000000000,80.000000000000000,82.000000000000000,84.000000000000000,85.000000000000000,87.000000000000000,88.000000000000000,89.000000000000000,91.000000000000000,93.000000000000000,95.000000000000000,97.000000000000000,100.000000000000000,103.000000000000000,106.000000000000000,113.000000000000000
,8.000000000000000,0.890000000000000,0.860000000000000,1.120000000000000,88.109999999999999,84.810000000000002,87.799999999999997,14.660000000000000,15988.000000000000000,64.000000000000000,70.000000000000000,74.000000000000000,77.000000000000000,79.000000000000000,82.000000000000000,83.000000000000000,85.000000000000000,86.000000000000000,88.000000000000000,89.000000000000000,91.000000000000000,93.000000000000000,95.000000000000000,97.000000000000000,99.000000000000000,103.000000000000000,106.000000000000000,112.000000000000000
,9.000000000000000,0.790000000000000,0.770000000000000,1.120000000000000,88.030000000000001,85.109999999999999,87.700000000000003,14.760000000000000,15998.000000000000000,64.000000000000000,70.000000000000000,74.000000000000000,77.000000000000000,79.000000000000000,81.000000000000000,83.000000000000000,85.000000000000000,86.000000000000000,88.000000000000000,89.000000000000000,91.000000000000000,93.000000000000000,95.000000000000000,97.000000000000000,100.000000000000000,103.000000000000000,106.000000000000000,112.000000000000000
,10.000000000000000,1.400000000000000,1.350000000000000,1.110000000000000,87.859999999999999,85.000000000000000,87.700000000000003,14.840000000000000,15990.000000000000000,64.000000000000000,69.000000000000000,73.000000000000000,77.000000000000000,79.000000000000000,81.000000000000000,83.000000000000000,85.000000000000000,86.000000000000000,88.000000000000000,89.000000000000000,91.000000000000000,93.000000000000000,95.000000000000000,97.000000000000000,99.000000000000000,102.000000000000000,106.000000000000000,112.000000000000000
,11.000000000000000,2.510000000000000,2.400000000000000,1.120000000000000,87.590000000000003,83.950000000000003,87.599999999999994,15.039999999999999,15981.000000000000000,63.000000000000000,69.000000000000000,73.000000000000000,76.000000000000000,79.000000000000000,81.000000000000000,83.000000000000000,85.000000000000000,86.000000000000000,88.000000000000000,89.000000000000000,91.000000000000000,92.000000000000000,95.000000000000000,97.000000000000000,99.000000000000000,102.000000000000000,106.000000000000000,112.000000000000000
,12.000000000000000,1.580000000000000,1.490000000000000,1.120000000000000,87.670000000000002,83.189999999999998,87.799999999999997,15.289999999999999,15984.000000000000000,62.000000000000000,69.000000000000000,73.000000000000000,76.000000000000000,79.000000000000000,81.000000000000000,83.000000000000000,85.000000000000000,86.000000000000000,88.000000000000000,89.000000000000000,91.000000000000000,93.000000000000000,95.000000000000000,97.000000000000000,100.000000000000000,103.000000000000000,106.000000000000000,112.000000000000000
,13.000000000000000,1.060000000000000,1.000000000000000,1.120000000000000,87.969999999999999,83.290000000000006,88.099999999999994,15.380000000000001,15986.000000000000000,62.000000000000000,69.000000000000000,73.000000000000000,76.000000000000000,79.000000000000000,81.000000000000000,83.000000000000000,85.000000000000000,87.000000000000000,88.000000000000000,89.000000000000000,91.000000000000000,93.000000000000000,95.000000000000000,97.000000000000000,100.000000000000000,103.000000000000000,107.000000000000000,113.000000000000000
,14.000000000000000,0.830000000000000,0.790000000000000,1.090000000000000,88.280000000000001,83.930000000000007,88.400000000000006,15.449999999999999,16003.000000000000000,63.000000000000000,69.000000000000000,73.000000000000000,77.000000000000000,79.000000000000000,82.000000000000000,84.000000000000000,85.000000000000000,87.000000000000000,88.000000000000000,90.000000000000000,92.000000000000000,93.000000000000000,95.000000000000000,98.000000000000000,100.000000000000000,103.000000000000000,107.000000000000000,113.000000000000000
,15.000000000000000,9.600000000000000,9.380000000000001,1.110000000000000,91.090000000000003,88.480000000000004,90.599999999999994,14.410000000000000,14567.000000000000000,68.000000000000000,74.000000000000000,77.000000000000000,81.000000000000000,83.000000000000000,85.000000000000000,86.000000000000000,88.000000000000000,89.000000000000000,91.000000000000000,92.000000000000000,94.000000000000000,96.000000000000000,98.000000000000000,100.000000000000000,102.000000000000000,105.000000000000000,109.000000000000000,115.000000000000000
,16.000000000000000,6.280000000000000,5.920000000000000,1.110000000000000,91.260000000000005,85.879999999999995,91.200000000000003,16.989999999999998,14695.000000000000000,62.000000000000000,71.000000000000000,76.000000000000000,79.000000000000000,82.000000000000000,84.000000000000000,86.000000000000000,88.000000000000000,90.000000000000000,91.000000000000000,93.000000000000000,95.000000000000000,97.000000000000000,100.000000000000000,102.000000000000000,105.000000000000000,108.000000000000000,112.000000000000000,117.000000000000000
,17.000000000000000,1.390000000000000,1.300000000000000,1.060000000000000,94.730000000000004,88.489999999999995,95.099999999999994,17.050000000000001,14754.000000000000000,63.000000000000000,75.000000000000000,80.000000000000000,84.000000000000000,86.000000000000000,89.000000000000000,90.000000000000000,92.000000000000000,93.000000000000000,95.000000000000000,97.000000000000000,99.000000000000000,101.000000000000000,103.000000000000000,105.000000000000000,108.000000000000000,111.000000000000000,114.000000000000000,120.000000000000000
,18.000000000000000,6.810000000000000,5.640000000000000,1.200000000000000,92.959999999999994,78.010000000000005,94.099999999999994,19.940000000000001,14633.000000000000000,62.000000000000000,74.000000000000000,80.000000000000000,83.000000000000000,86.000000000000000,88.000000000000000,89.000000000000000,91.000000000000000,93.000000000000000,94.000000000000000,96.000000000000000,98.000000000000000,100.000000000000000,102.000000000000000,104.000000000000000,107.000000000000000,110.000000000000000,114.000000000000000,119.000000000000000
,19.000000000000000,4.910000000000000,4.170000000000000,1.190000000000000,90.799999999999997,78.099999999999994,91.900000000000006,20.289999999999999,14811.000000000000000,54.000000000000000,71.000000000000000,77.000000000000000,81.000000000000000,84.000000000000000,86.000000000000000,87.000000000000000,89.000000000000000,90.000000000000000,92.000000000000000,94.000000000000000,96.000000000000000,98.000000000000000,100.000000000000000,103.000000000000000,105.000000000000000,108.000000000000000,112.000000000000000,118.000000000000000
,20.000000000000000,2.950000000000000,2.800000000000000,1.110000000000000,91.700000000000003,86.819999999999993,91.599999999999994,17.579999999999998,14888.000000000000000,61.000000000000000,72.000000000000000,77.000000000000000,81.000000000000000,84.000000000000000,86.000000000000000,87.000000000000000,89.000000000000000,90.000000000000000,92.000000000000000,93.000000000000000,95.000000000000000,98.000000000000000,100.000000000000000,102.000000000000000,105.000000000000000,108.000000000000000,112.000000000000000,118.000000000000000
,21.000000000000000,4.230000000000000,3.970000000000000,1.140000000000000,91.370000000000005,85.609999999999999,91.099999999999994,17.469999999999999,14883.000000000000000,60.000000000000000,71.000000000000000,77.000000000000000,80.000000000000000,83.000000000000000,85.000000000000000,87.000000000000000,88.000000000000000,90.000000000000000,91.000000000000000,93.000000000000000,95.000000000000000,97.000000000000000,100.000000000000000,102.000000000000000,105.000000000000000,108.000000000000000,112.000000000000000,118.000000000000000
,22.000000000000000,2.710000000000000,2.580000000000000,1.120000000000000,91.829999999999998,86.920000000000002,91.000000000000000,16.719999999999999,14885.000000000000000,64.000000000000000,72.000000000000000,77.000000000000000,80.000000000000000,83.000000000000000,85.000000000000000,87.000000000000000,88.000000000000000,89.000000000000000,91.000000000000000,93.000000000000000,95.000000000000000,97.000000000000000,100.000000000000000,102.000000000000000,105.000000000000000,108.000000000000000,112.000000000000000,119.000000000000000
,23.000000000000000,1.830000000000000,1.770000000000000,1.100000000000000,92.219999999999999,88.340000000000003,91.299999999999997,16.690000000000001,14832.000000000000000,64.000000000000000,72.000000000000000,77.000000000000000,81.000000000000000,83.000000000000000,85.000000000000000,87.000000000000000,88.000000000000000,90.000000000000000,91.000000000000000,93.000000000000000,95.000000000000000,98.000000000000000,100.000000000000000,103.000000000000000,106.000000000000000,109.000000000000000,113.000000000000000,119.000000000000000
,24.000000000000000,0.940000000000000,0.910000000000000,1.100000000000000,92.450000000000003,88.519999999999996,91.500000000000000,16.739999999999998,14756.000000000000000,64.000000000000000,72.000000000000000,77.000000000000000,81.000000000000000,84.000000000000000,86.000000000000000,87.000000000000000,89.000000000000000,90.000000000000000,92.000000000000000,94.000000000000000,96.000000000000000,98.000000000000000,101.000000000000000,103.000000000000000,106.000000000000000,109.000000000000000,113.000000000000000,119.000000000000000
,25.000000000000000,1.110000000000000,1.090000000000000,1.130000000000000,94.310000000000002,91.310000000000002,92.799999999999997,15.680000000000000,13224.000000000000000,69.000000000000000,76.000000000000000,81.000000000000000,83.000000000000000,85.000000000000000,87.000000000000000,88.000000000000000,90.000000000000000,91.000000000000000,93.000000000000000,95.000000000000000,97.000000000000000,100.000000000000000,102.000000000000000,104.000000000000000,107.000000000000000,110.000000000000000,114.000000000000000,120.000000000000000
,26.000000000000000,1.890000000000000,1.860000000000000,1.120000000000000,94.439999999999998,91.359999999999999,92.900000000000006,15.609999999999999,13232.000000000000000,69.000000000000000,77.000000000000000,81.000000000000000,83.000000000000000,85.000000000000000,87.000000000000000,88.000000000000000,90.000000000000000,91.000000000000000,93.000000000000000,95.000000000000000,98.000000000000000,100.000000000000000,102.000000000000000,104.000000000000000,107.000000000000000,110.000000000000000,114.000000000000000,120.000000000000000
,27.000000000000000,0.710000000000000,0.700000000000000,1.110000000000000,94.670000000000002,91.790000000000006,93.099999999999994,15.660000000000000,13250.000000000000000,70.000000000000000,77.000000000000000,81.000000000000000,84.000000000000000,85.000000000000000,87.000000000000000,88.000000000000000,90.000000000000000,91.000000000000000,93.000000000000000,95.000000000000000,98.000000000000000,100.000000000000000,102.000000000000000,105.000000000000000,107.000000000000000,111.000000000000000,115.000000000000000,121.000000000000000
,28.000000000000000,2.430000000000000,2.400000000000000,1.120000000000000,95.030000000000001,92.180000000000007,93.599999999999994,15.550000000000001,13256.000000000000000,70.000000000000000,77.000000000000000,81.000000000000000,84.000000000000000,86.000000000000000,87.000000000000000,89.000000000000000,90.000000000000000,92.000000000000000,94.000000000000000,96.000000000000000,98.000000000000000,100.000000000000000,103.000000000000000,105.000000000000000,108.000000000000000,111.000000000000000,115.000000000000000,121.000000000000000
,29.000000000000000,2.140000000000000,2.110000000000000,1.120000000000000,95.590000000000003,92.709999999999994,94.099999999999994,15.510000000000000,13275.000000000000000,71.000000000000000,78.000000000000000,82.000000000000000,84.000000000000000,86.000000000000000,88.000000000000000,89.000000000000000,90.000000000000000,92.000000000000000,94.000000000000000,96.000000000000000,98.000000000000000,101.000000000000000,103.000000000000000,106.000000000000000,108.000000000000000,111.000000000000000,115.000000000000000,121.000000000000000
,30.000000000000000,32.509999999999998,32.289999999999999,1.130000000000000,94.780000000000001,92.349999999999994,93.000000000000000,14.490000000000000,13238.000000000000000,73.000000000000000,78.000000000000000,82.000000000000000,84.000000000000000,86.000000000000000,87.000000000000000,89.000000000000000,90.000000000000000,91.000000000000000,93.000000000000000,95.000000000000000,97.000000000000000,99.000000000000000,102.000000000000000,104.000000000000000,107.000000000000000,110.000000000000000,114.000000000000000,120.000000000000000
,31.000000000000000,3.200000000000000,3.190000000000000,1.140000000000000,92.700000000000003,90.299999999999997,90.799999999999997,14.800000000000001,13449.000000000000000,70.000000000000000,76.000000000000000,79.000000000000000,82.000000000000000,84.000000000000000,85.000000000000000,87.000000000000000,88.000000000000000,89.000000000000000,91.000000000000000,93.000000000000000,95.000000000000000,97.000000000000000,99.000000000000000,102.000000000000000,105.000000000000000,108.000000000000000,112.000000000000000,119.000000000000000
,32.000000000000000,6.650000000000000,6.470000000000000,1.100000000000000,89.069999999999993,85.819999999999993,88.299999999999997,15.460000000000001,14300.000000000000000,63.000000000000000,70.000000000000000,75.000000000000000,78.000000000000000,81.000000000000000,82.000000000000000,84.000000000000000,86.000000000000000,87.000000000000000,88.000000000000000,90.000000000000000,91.000000000000000,94.000000000000000,96.000000000000000,99.000000000000000,101.000000000000000,104.000000000000000,109.000000000000000,115.000000000000000
,33.000000000000000,0.790000000000000,0.760000000000000,1.120000000000000,87.620000000000005,84.390000000000001,87.200000000000003,15.240000000000000,14356.000000000000000,62.000000000000000,69.000000000000000,73.000000000000000,77.000000000000000,79.000000000000000,81.000000000000000,83.000000000000000,84.000000000000000,86.000000000000000,87.000000000000000,89.000000000000000,90.000000000000000,92.000000000000000,94.000000000000000,97.000000000000000,99.000000000000000,103.000000000000000,107.000000000000000,114.000000000000000
,34.000000000000000,0.220000000000000,0.210000000000000,1.110000000000000,87.590000000000003,84.560000000000002,87.099999999999994,15.289999999999999,14365.000000000000000,62.000000000000000,69.000000000000000,73.000000000000000,76.000000000000000,79.000000000000000,81.000000000000000,83.000000000000000,84.000000000000000,86.000000000000000,87.000000000000000,88.000000000000000,90.000000000000000,92.000000000000000,94.000000000000000,97.000000000000000,99.000000000000000,103.000000000000000,107.000000000000000,114.000000000000000
,35.000000000000000,0.200000000000000,0.190000000000000,1.110000000000000,87.510000000000005,84.459999999999994,87.099999999999994,15.320000000000000,14365.000000000000000,62.000000000000000,69.000000000000000,73.000000000000000,76.000000000000000,79.000000000000000,81.000000000000000,83.000000000000000,84.000000000000000,86.000000000000000,87.000000000000000,89.000000000000000,90.000000000000000,92.000000000000000,94.000000000000000,97.000000000000000,100.000000000000000,103.000000000000000,107.000000000000000,114.000000000000000
,36.000000000000000,4.220000000000000,4.060000000000000,1.130000000000000,85.939999999999998,82.700000000000003,85.900000000000006,15.289999999999999,14318.000000000000000,60.000000000000000,67.000000000000000,72.000000000000000,75.000000000000000,78.000000000000000,80.000000000000000,81.000000000000000,83.000000000000000,85.000000000000000,86.000000000000000,87.000000000000000,89.000000000000000,90.000000000000000,92.000000000000000,95.000000000000000,97.000000000000000,101.000000000000000,105.000000000000000,112.000000000000000
,37.000000000000000,2.230000000000000,2.120000000000000,1.130000000000000,84.950000000000003,81.159999999999997,85.400000000000006,15.650000000000000,14292.000000000000000,57.000000000000000,66.000000000000000,71.000000000000000,74.000000000000000,77.000000000000000,79.000000000000000,81.000000000000000,83.000000000000000,84.000000000000000,85.000000000000000,87.000000000000000,88.000000000000000,90.000000000000000,92.000000000000000,94.000000000000000,96.000000000000000,100.000000000000000,104.000000000000000,110.000000000000000
,38.000000000000000,6.970000000000000,6.050000000000000,1.100000000000000,85.700000000000003,74.719999999999999,86.099999999999994,15.990000000000000,13889.000000000000000,62.000000000000000,70.000000000000000,74.000000000000000,76.000000000000000,79.000000000000000,80.000000000000000,82.000000000000000,84.000000000000000,85.000000000000000,86.000000000000000,87.000000000000000,89.000000000000000,90.000000000000000,92.000000000000000,94.000000000000000,97.000000000000000,100.000000000000000,103.000000000000000,110.000000000000000
,39.000000000000000,4.080000000000000,3.700000000000000,1.090000000000000,85.489999999999995,78.159999999999997,86.299999999999997,16.109999999999999,14089.000000000000000,60.000000000000000,69.000000000000000,73.000000000000000,76.000000000000000,79.000000000000000,81.000000000000000,82.000000000000000,84.000000000000000,85.000000000000000,86.000000000000000,88.000000000000000,89.000000000000000,90.000000000000000,92.000000000000000,94.000000000000000,97.000000000000000,100.000000000000000,103.000000000000000,110.000000000000000
,40.000000000000000,3.520000000000000,3.350000000000000,1.120000000000000,85.980000000000004,82.260000000000005,86.400000000000006,14.550000000000001,14200.000000000000000,61.000000000000000,69.000000000000000,73.000000000000000,76.000000000000000,79.000000000000000,81.000000000000000,82.000000000000000,84.000000000000000,85.000000000000000,86.000000000000000,88.000000000000000,89.000000000000000,90.000000000000000,92.000000000000000,94.000000000000000,97.000000000000000,100.000000000000000,103.000000000000000,109.000000000000000
,41.000000000000000,2.310000000000000,2.220000000000000,1.130000000000000,86.239999999999995,83.040000000000006,86.400000000000006,14.250000000000000,14212.000000000000000,62.000000000000000,69.000000000000000,74.000000000000000,77.000000000000000,79.000000000000000,81.000000000000000,82.000000000000000,84.000000000000000,85.000000000000000,86.000000000000000,88.000000000000000,89.000000000000000,90.000000000000000,92.000000000000000,94.000000000000000,97.000000000000000,100.000000000000000,103.000000000000000,109.000000000000000
,42.000000000000000,1.310000000000000,1.270000000000000,1.130000000000000,86.579999999999998,83.450000000000003,86.700000000000003,14.020000000000000,14223.000000000000000,63.000000000000000,70.000000000000000,74.000000000000000,77.000000000000000,79.000000000000000,81.000000000000000,83.000000000000000,84.000000000000000,86.000000000000000,87.000000000000000,88.000000000000000,89.000000000000000,91.000000000000000,92.000000000000000,94.000000000000000,97.000000000000000,100.000000000000000,103.000000000000000,110.000000000000000
,43.000000000000000,33.560000000000002,32.530000000000001,1.150000000000000,84.680000000000007,82.109999999999999,84.700000000000003,13.060000000000000,13896.000000000000000,63.000000000000000,69.000000000000000,73.000000000000000,75.000000000000000,78.000000000000000,79.000000000000000,81.000000000000000,82.000000000000000,84.000000000000000,85.000000000000000,86.000000000000000,87.000000000000000,89.000000000000000,90.000000000000000,92.000000000000000,94.000000000000000,97.000000000000000,101.000000000000000,106.000000000000000
,44.000000000000000,9.740000000000000,9.390000000000001,1.140000000000000,83.870000000000005,81.099999999999994,84.099999999999994,14.050000000000001,14177.000000000000000,60.000000000000000,67.000000000000000,71.000000000000000,74.000000000000000,76.000000000000000,78.000000000000000,80.000000000000000,81.000000000000000,83.000000000000000,84.000000000000000,86.000000000000000,87.000000000000000,88.000000000000000,90.000000000000000,92.000000000000000,94.000000000000000,97.000000000000000,101.000000000000000,106.000000000000000
,45.000000000000000,1.390000000000000,1.360000000000000,1.120000000000000,87.310000000000002,84.640000000000001,86.799999999999997,14.570000000000000,14277.000000000000000,64.000000000000000,70.000000000000000,74.000000000000000,77.000000000000000,79.000000000000000,81.000000000000000,82.000000000000000,84.000000000000000,85.000000000000000,87.000000000000000,88.000000000000000,90.000000000000000,92.000000000000000,94.000000000000000,96.000000000000000,98.000000000000000,102.000000000000000,106.000000000000000,112.000000000000000
,46.000000000000000,2.380000000000000,2.320000000000000,1.130000000000000,87.180000000000007,84.439999999999998,86.599999999999994,14.570000000000000,14259.000000000000000,64.000000000000000,70.000000000000000,74.000000000000000,77.000000000000000,79.000000000000000,81.000000000000000,82.000000000000000,84.000000000000000,85.000000000000000,87.000000000000000,88.000000000000000,90.000000000000000,91.000000000000000,94.000000000000000,96.000000000000000,98.000000000000000,101.000000000000000,106.000000000000000,112.000000000000000
,47.000000000000000,2.640000000000000,2.560000000000000,1.080000000000000,86.310000000000002,83.140000000000001,86.000000000000000,14.920000000000000,14274.000000000000000,62.000000000000000,69.000000000000000,73.000000000000000,76.000000000000000,78.000000000000000,80.000000000000000,81.000000000000000,83.000000000000000,85.000000000000000,86.000000000000000,87.000000000000000,89.000000000000000,91.000000000000000,93.000000000000000,95.000000000000000,97.000000000000000,101.000000000000000,105.000000000000000,111.000000000000000
,48.000000000000000,2.330000000000000,2.240000000000000,1.040000000000000,84.569999999999993,81.439999999999998,84.599999999999994,14.240000000000000,14286.000000000000000,61.000000000000000,68.000000000000000,72.000000000000000,75.000000000000000,77.000000000000000,79.000000000000000,80.000000000000000,82.000000000000000,83.000000000000000,85.000000000000000,86.000000000000000,87.000000000000000,89.000000000000000,90.000000000000000,92.000000000000000,95.000000000000000,98.000000000000000,102.000000000000000,108.000000000000000
,49.000000000000000,2.420000000000000,2.320000000000000,1.070000000000000,83.950000000000003,80.579999999999998,84.099999999999994,14.260000000000000,14291.000000000000000,61.000000000000000,67.000000000000000,71.000000000000000,74.000000000000000,76.000000000000000,78.000000000000000,80.000000000000000,81.000000000000000,83.000000000000000,84.000000000000000,86.000000000000000,87.000000000000000,88.000000000000000,90.000000000000000,92.000000000000000,94.000000000000000,97.000000000000000,101.000000000000000,107.000000000000000
,50.000000000000000,1.950000000000000,1.870000000000000,1.110000000000000,83.510000000000005,79.969999999999999,83.799999999999997,14.430000000000000,14297.000000000000000,60.000000000000000,66.000000000000000,71.000000000000000,73.000000000000000,76.000000000000000,78.000000000000000,80.000000000000000,81.000000000000000,82.000000000000000,84.000000000000000,85.000000000000000,87.000000000000000,88.000000000000000,90.000000000000000,92.000000000000000,94.000000000000000,97.000000000000000,101.000000000000000,106.000000000000000
,51.000000000000000,2.720000000000000,2.570000000000000,1.140000000000000,83.250000000000000,79.049999999999997,83.799999999999997,14.630000000000001,14284.000000000000000,59.000000000000000,66.000000000000000,70.000000000000000,73.000000000000000,76.000000000000000,78.000000000000000,79.000000000000000,81.000000000000000,82.000000000000000,84.000000000000000,85.000000000000000,87.000000000000000,88.000000000000000,90.000000000000000,91.000000000000000,94.000000000000000,97.000000000000000,100.000000000000000,106.000000000000000
,52.000000000000000,1.250000000000000,1.170000000000000,1.150000000000000,83.019999999999996,78.379999999999995,83.599999999999994,14.859999999999999,14278.000000000000000,59.000000000000000,66.000000000000000,70.000000000000000,73.000000000000000,76.000000000000000,77.000000000000000,79.000000000000000,81.000000000000000,82.000000000000000,84.000000000000000,85.000000000000000,86.000000000000000,88.000000000000000,89.000000000000000,91.000000000000000,94.000000000000000,96.000000000000000,100.000000000000000,106.000000000000000
,53.000000000000000,2.810000000000000,2.580000000000000,1.140000000000000,82.450000000000003,76.329999999999998,83.099999999999994,15.070000000000000,14222.000000000000000,58.000000000000000,65.000000000000000,70.000000000000000,73.000000000000000,75.000000000000000,77.000000000000000,79.000000000000000,80.000000000000000,82.000000000000000,83.000000000000000,85.000000000000000,86.000000000000000,87.000000000000000,89.000000000000000,91.000000000000000,93.000000000000000,96.000000000000000,100.000000000000000,105.000000000000000
,54.000000000000000,0.840000000000000,0.760000000000000,1.140000000000000,81.909999999999997,75.150000000000006,82.900000000000006,15.640000000000001,14228.000000000000000,56.000000000000000,65.000000000000000,69.000000000000000,72.000000000000000,75.000000000000000,77.000000000000000,78.000000000000000,80.000000000000000,81.000000000000000,83.000000000000000,84.000000000000000,86.000000000000000,87.000000000000000,89.000000000000000,90.000000000000000,93.000000000000000,96.000000000000000,99.000000000000000,105.000000000000000
,55.000000000000000,0.550000000000000,0.500000000000000,1.130000000000000,81.870000000000005,74.859999999999999,82.700000000000003,15.699999999999999,14237.000000000000000,56.000000000000000,65.000000000000000,69.000000000000000,72.000000000000000,75.000000000000000,77.000000000000000,78.000000000000000,80.000000000000000,81.000000000000000,83.000000000000000,84.000000000000000,86.000000000000000,87.000000000000000,89.000000000000000,91.000000000000000,93.000000000000000,96.000000000000000,99.000000000000000,105.000000000000000
,56.000000000000000,1.090000000000000,0.970000000000000,1.090000000000000,81.790000000000006,73.769999999999996,82.900000000000006,15.859999999999999,14232.000000000000000,56.000000000000000,65.000000000000000,69.000000000000000,72.000000000000000,75.000000000000000,77.000000000000000,78.000000000000000,80.000000000000000,81.000000000000000,83.000000000000000,84.000000000000000,86.000000000000000,87.000000000000000,89.000000000000000,91.000000000000000,93.000000000000000,96.000000000000000,99.000000000000000,105.000000000000000
,57.000000000000000,1.580000000000000,1.420000000000000,1.130000000000000,82.260000000000005,74.810000000000002,83.000000000000000,15.070000000000000,14134.000000000000000,58.000000000000000,66.000000000000000,70.000000000000000,73.000000000000000,75.000000000000000,77.000000000000000,79.000000000000000,80.000000000000000,82.000000000000000,83.000000000000000,84.000000000000000,86.000000000000000,87.000000000000000,89.000000000000000,91.000000000000000,93.000000000000000,96.000000000000000,99.000000000000000,105.000000000000000
,58.000000000000000,2.460000000000000,2.270000000000000,1.160000000000000,82.549999999999997,76.640000000000001,83.200000000000003,14.750000000000000,14134.000000000000000,58.000000000000000,66.000000000000000,70.000000000000000,73.000000000000000,75.000000000000000,77.000000000000000,79.000000000000000,80.000000000000000,82.000000000000000,83.000000000000000,85.000000000000000,86.000000000000000,87.000000000000000,89.000000000000000,91.000000000000000,93.000000000000000,96.000000000000000,99.000000000000000,105.000000000000000
,59.000000000000000,0.390000000000000,0.360000000000000,1.160000000000000,82.879999999999995,78.019999999999996,83.400000000000006,14.560000000000000,14158.000000000000000,59.000000000000000,66.000000000000000,71.000000000000000,73.000000000000000,76.000000000000000,77.000000000000000,79.000000000000000,81.000000000000000,82.000000000000000,83.000000000000000,85.000000000000000,86.000000000000000,88.000000000000000,89.000000000000000,91.000000000000000,93.000000000000000,96.000000000000000,100.000000000000000,106.000000000000000
,60.000000000000000,0.250000000000000,0.230000000000000,1.170000000000000,82.989999999999995,78.069999999999993,83.500000000000000,14.590000000000000,14163.000000000000000,59.000000000000000,66.000000000000000,71.000000000000000,73.000000000000000,76.000000000000000,78.000000000000000,79.000000000000000,81.000000000000000,82.000000000000000,84.000000000000000,85.000000000000000,86.000000000000000,88.000000000000000,90.000000000000000,91.000000000000000,93.000000000000000,96.000000000000000,100.000000000000000,106.000000000000000
,61.000000000000000,16.579999999999998,15.580000000000000,1.190000000000000,82.599999999999994,78.019999999999996,83.000000000000000,13.869999999999999,14092.000000000000000,60.000000000000000,67.000000000000000,70.000000000000000,73.000000000000000,75.000000000000000,77.000000000000000,79.000000000000000,80.000000000000000,82.000000000000000,83.000000000000000,84.000000000000000,86.000000000000000,87.000000000000000,89.000000000000000,91.000000000000000,93.000000000000000,95.000000000000000,99.000000000000000,105.000000000000000
,62.000000000000000,14.270000000000000,13.660000000000000,1.180000000000000,83.170000000000002,79.799999999999997,83.400000000000006,14.140000000000001,14155.000000000000000,60.000000000000000,66.000000000000000,70.000000000000000,73.000000000000000,76.000000000000000,77.000000000000000,79.000000000000000,81.000000000000000,82.000000000000000,83.000000000000000,85.000000000000000,86.000000000000000,88.000000000000000,90.000000000000000,91.000000000000000,94.000000000000000,97.000000000000000,100.000000000000000,106.000000000000000
,63.000000000000000,3.750000000000000,3.560000000000000,1.190000000000000,80.579999999999998,77.180000000000007,81.200000000000003,14.850000000000000,14224.000000000000000,55.000000000000000,62.000000000000000,67.000000000000000,70.000000000000000,72.000000000000000,75.000000000000000,77.000000000000000,78.000000000000000,80.000000000000000,81.000000000000000,83.000000000000000,84.000000000000000,86.000000000000000,88.000000000000000,90.000000000000000,92.000000000000000,95.000000000000000,98.000000000000000,103.000000000000000
,64.000000000000000,23.500000000000000,22.469999999999999,1.220000000000000,78.810000000000002,75.810000000000002,79.299999999999997,14.220000000000001,14118.000000000000000,54.000000000000000,61.000000000000000,65.000000000000000,68.000000000000000,70.000000000000000,73.000000000000000,75.000000000000000,76.000000000000000,78.000000000000000,79.000000000000000,81.000000000000000,82.000000000000000,84.000000000000000,86.000000000000000,88.000000000000000,90.000000000000000,93.000000000000000,96.000000000000000,101.000000000000000
,65.000000000000000,2.180000000000000,2.120000000000000,1.190000000000000,84.450000000000003,82.109999999999999,84.299999999999997,13.460000000000001,14258.000000000000000,63.000000000000000,68.000000000000000,72.000000000000000,74.000000000000000,76.000000000000000,78.000000000000000,80.000000000000000,81.000000000000000,83.000000000000000,84.000000000000000,86.000000000000000,87.000000000000000,89.000000000000000,91.000000000000000,93.000000000000000,95.000000000000000,98.000000000000000,101.000000000000000,107.000000000000000
,66.000000000000000,0.770000000000000,0.750000000000000,1.180000000000000,85.319999999999993,83.010000000000005,85.000000000000000,13.440000000000000,14277.000000000000000,64.000000000000000,69.000000000000000,73.000000000000000,75.000000000000000,77.000000000000000,79.000000000000000,81.000000000000000,82.000000000000000,84.000000000000000,85.000000000000000,87.000000000000000,88.000000000000000,90.000000000000000,91.000000000000000,93.000000000000000,96.000000000000000,99.000000000000000,102.000000000000000,108.000000000000000
,67.000000000000000,6.950000000000000,6.760000000000000,1.180000000000000,83.870000000000005,81.450000000000003,83.700000000000003,13.750000000000000,14219.000000000000000,62.000000000000000,67.000000000000000,71.000000000000000,73.000000000000000,75.000000000000000,77.000000000000000,79.000000000000000,81.000000000000000,82.000000000000000,84.000000000000000,85.000000000000000,87.000000000000000,88.000000000000000,90.000000000000000,92.000000000000000,94.000000000000000,97.000000000000000,101.000000000000000,107.000000000000000
,68.000000000000000,1.130000000000000,1.110000000000000,1.160000000000000,86.510000000000005,84.099999999999994,86.000000000000000,13.830000000000000,14260.000000000000000,65.000000000000000,70.000000000000000,73.000000000000000,76.000000000000000,78.000000000000000,80.000000000000000,82.000000000000000,83.000000000000000,85.000000000000000,86.000000000000000,88.000000000000000,89.000000000000000,91.000000000000000,93.000000000000000,95.000000000000000,98.000000000000000,100.000000000000000,104.000000000000000,110.000000000000000
,69.000000000000000,0.990000000000000,0.970000000000000,1.160000000000000,86.489999999999995,83.959999999999994,86.000000000000000,13.800000000000001,14257.000000000000000,65.000000000000000,70.000000000000000,73.000000000000000,76.000000000000000,78.000000000000000,80.000000000000000,82.000000000000000,83.000000000000000,85.000000000000000,86.000000000000000,88.000000000000000,89.000000000000000,91.000000000000000,93.000000000000000,95.000000000000000,98.000000000000000,100.000000000000000,104.000000000000000,110.000000000000000
,70.000000000000000,2.010000000000000,1.960000000000000,1.160000000000000,86.459999999999994,84.000000000000000,86.000000000000000,13.840000000000000,14245.000000000000000,64.000000000000000,70.000000000000000,73.000000000000000,76.000000000000000,78.000000000000000,80.000000000000000,82.000000000000000,83.000000000000000,85.000000000000000,86.000000000000000,88.000000000000000,89.000000000000000,91.000000000000000,93.000000000000000,95.000000000000000,98.000000000000000,100.000000000000000,104.000000000000000,109.000000000000000
,71.000000000000000,1.120000000000000,1.090000000000000,1.160000000000000,86.430000000000007,83.730000000000004,86.200000000000003,14.150000000000000,14262.000000000000000,63.000000000000000,70.000000000000000,73.000000000000000,76.000000000000000,78.000000000000000,80.000000000000000,82.000000000000000,83.000000000000000,85.000000000000000,86.000000000000000,88.000000000000000,89.000000000000000,91.000000000000000,93.000000000000000,95.000000000000000,98.000000000000000,100.000000000000000,104.000000000000000,110.000000000000000
,72.000000000000000,0.990000000000000,0.960000000000000,1.160000000000000,85.790000000000006,82.780000000000001,85.299999999999997,14.310000000000000,14259.000000000000000,63.000000000000000,69.000000000000000,72.000000000000000,75.000000000000000,77.000000000000000,79.000000000000000,81.000000000000000,82.000000000000000,84.000000000000000,85.000000000000000,87.000000000000000,88.000000000000000,90.000000000000000,92.000000000000000,95.000000000000000,97.000000000000000,100.000000000000000,104.000000000000000,110.000000000000000
,73.000000000000000,0.890000000000000,0.870000000000000,1.140000000000000,85.310000000000002,82.890000000000001,84.900000000000006,13.699999999999999,14257.000000000000000,63.000000000000000,69.000000000000000,73.000000000000000,75.000000000000000,77.000000000000000,79.000000000000000,81.000000000000000,82.000000000000000,84.000000000000000,85.000000000000000,86.000000000000000,88.000000000000000,89.000000000000000,91.000000000000000,93.000000000000000,96.000000000000000,99.000000000000000,102.000000000000000,108.000000000000000
,74.000000000000000,13.520000000000000,13.230000000000000,1.130000000000000,86.219999999999999,84.180000000000007,86.000000000000000,12.750000000000000,14192.000000000000000,65.000000000000000,71.000000000000000,74.000000000000000,77.000000000000000,79.000000000000000,80.000000000000000,82.000000000000000,84.000000000000000,85.000000000000000,86.000000000000000,87.000000000000000,89.000000000000000,90.000000000000000,92.000000000000000,94.000000000000000,96.000000000000000,99.000000000000000,102.000000000000000,107.000000000000000
,75.000000000000000,4.860000000000000,4.770000000000000,1.110000000000000,88.099999999999994,86.079999999999998,87.799999999999997,12.900000000000000,14248.000000000000000,68.000000000000000,73.000000000000000,76.000000000000000,79.000000000000000,81.000000000000000,82.000000000000000,84.000000000000000,85.000000000000000,87.000000000000000,88.000000000000000,89.000000000000000,90.000000000000000,92.000000000000000,94.000000000000000,96.000000000000000,98.000000000000000,101.000000000000000,104.000000000000000,109.000000000000000
,76.000000000000000,0.910000000000000,0.890000000000000,1.100000000000000,88.739999999999995,86.730000000000004,88.400000000000006,12.930000000000000,14295.000000000000000,68.000000000000000,74.000000000000000,77.000000000000000,79.000000000000000,81.000000000000000,83.000000000000000,85.000000000000000,86.000000000000000,87.000000000000000,88.000000000000000,90.000000000000000,91.000000000000000,92.000000000000000,94.000000000000000,96.000000000000000,99.000000000000000,101.000000000000000,105.000000000000000,110.000000000000000
,77.000000000000000,4.880000000000000,4.750000000000000,1.090000000000000,88.959999999999994,86.150000000000006,88.599999999999994,13.070000000000000,14280.000000000000000,69.000000000000000,74.000000000000000,78.000000000000000,80.000000000000000,82.000000000000000,84.000000000000000,85.000000000000000,86.000000000000000,88.000000000000000,89.000000000000000,90.000000000000000,91.000000000000000,93.000000000000000,94.000000000000000,96.000000000000000,99.000000000000000,101.000000000000000,105.000000000000000,110.000000000000000
,78.000000000000000,4.210000000000000,4.130000000000000,1.090000000000000,89.700000000000003,87.579999999999998,89.299999999999997,12.550000000000001,14247.000000000000000,71.000000000000000,76.000000000000000,79.000000000000000,81.000000000000000,83.000000000000000,84.000000000000000,86.000000000000000,87.000000000000000,88.000000000000000,89.000000000000000,90.000000000000000,92.000000000000000,93.000000000000000,95.000000000000000,97.000000000000000,99.000000000000000,102.000000000000000,105.000000000000000,110.000000000000000
,79.000000000000000,15.390000000000001,15.160000000000000,1.110000000000000,86.780000000000001,85.129999999999995,86.400000000000006,11.660000000000000,14147.000000000000000,68.000000000000000,73.000000000000000,76.000000000000000,78.000000000000000,80.000000000000000,82.000000000000000,83.000000000000000,84.000000000000000,85.000000000000000,86.000000000000000,88.000000000000000,89.000000000000000,90.000000000000000,92.000000000000000,93.000000000000000,95.000000000000000,98.000000000000000,101.000000000000000,106.000000000000000
,80.000000000000000,11.080000000000000,10.830000000000000,1.110000000000000,87.790000000000006,85.540000000000006,87.500000000000000,12.449999999999999,14156.000000000000000,68.000000000000000,74.000000000000000,77.000000000000000,79.000000000000000,81.000000000000000,83.000000000000000,84.000000000000000,85.000000000000000,86.000000000000000,88.000000000000000,89.000000000000000,90.000000000000000,91.000000000000000,93.000000000000000,95.000000000000000,97.000000000000000,100.000000000000000,103.000000000000000,108.000000000000000
,81.000000000000000,0.770000000000000,0.740000000000000,1.120000000000000,87.079999999999998,83.959999999999994,87.000000000000000,13.119999999999999,14209.000000000000000,66.000000000000000,72.000000000000000,76.000000000000000,78.000000000000000,80.000000000000000,82.000000000000000,83.000000000000000,85.000000000000000,86.000000000000000,87.000000000000000,88.000000000000000,89.000000000000000,91.000000000000000,93.000000000000000,94.000000000000000,97.000000000000000,99.000000000000000,103.000000000000000,108.000000000000000
,82.000000000000000,2.400000000000000,2.310000000000000,1.120000000000000,86.969999999999999,83.730000000000004,87.000000000000000,13.550000000000001,14201.000000000000000,64.000000000000000,72.000000000000000,76.000000000000000,78.000000000000000,80.000000000000000,82.000000000000000,83.000000000000000,85.000000000000000,86.000000000000000,87.000000000000000,88.000000000000000,89.000000000000000,91.000000000000000,92.000000000000000,94.000000000000000,97.000000000000000,100.000000000000000,103.000000000000000,108.000000000000000
,83.000000000000000,0.510000000000000,0.480000000000000,1.130000000000000,86.879999999999995,82.799999999999997,87.099999999999994,14.230000000000000,14220.000000000000000,63.000000000000000,71.000000000000000,75.000000000000000,78.000000000000000,80.000000000000000,82.000000000000000,84.000000000000000,85.000000000000000,86.000000000000000,87.000000000000000,88.000000000000000,90.000000000000000,91.000000000000000,93.000000000000000,95.000000000000000,97.000000000000000,100.000000000000000,104.000000000000000,109.000000000000000
,84.000000000000000,1.480000000000000,1.390000000000000,1.130000000000000,86.629999999999995,82.269999999999996,87.099999999999994,14.779999999999999,14210.000000000000000,62.000000000000000,71.000000000000000,75.000000000000000,78.000000000000000,80.000000000000000,82.000000000000000,83.000000000000000,85.000000000000000,86.000000000000000,87.000000000000000,88.000000000000000,90.000000000000000,91.000000000000000,93.000000000000000,95.000000000000000,97.000000000000000,100.000000000000000,104.000000000000000,109.000000000000000
,85.000000000000000,4.010000000000000,3.860000000000000,1.150000000000000,87.829999999999998,84.180000000000007,87.400000000000006,13.050000000000001,13700.000000000000000,68.000000000000000,73.000000000000000,77.000000000000000,79.000000000000000,81.000000000000000,82.000000000000000,84.000000000000000,85.000000000000000,86.000000000000000,87.000000000000000,89.000000000000000,90.000000000000000,91.000000000000000,93.000000000000000,95.000000000000000,97.000000000000000,100.000000000000000,104.000000000000000,109.000000000000000
,86.000000000000000,4.040000000000000,3.800000000000000,1.140000000000000,86.890000000000001,81.489999999999995,86.700000000000003,14.180000000000000,13824.000000000000000,66.000000000000000,72.000000000000000,75.000000000000000,78.000000000000000,80.000000000000000,81.000000000000000,83.000000000000000,84.000000000000000,86.000000000000000,87.000000000000000,88.000000000000000,89.000000000000000,91.000000000000000,93.000000000000000,95.000000000000000,97.000000000000000,100.000000000000000,104.000000000000000,110.000000000000000
,87.000000000000000,6.530000000000000,6.090000000000000,1.150000000000000,85.000000000000000,79.090000000000003,84.799999999999997,14.869999999999999,13792.000000000000000,62.000000000000000,68.000000000000000,72.000000000000000,74.000000000000000,77.000000000000000,79.000000000000000,80.000000000000000,82.000000000000000,83.000000000000000,85.000000000000000,86.000000000000000,88.000000000000000,89.000000000000000,91.000000000000000,94.000000000000000,96.000000000000000,99.000000000000000,103.000000000000000,109.000000000000000
,88.000000000000000,2.260000000000000,2.120000000000000,1.120000000000000,87.209999999999994,81.730000000000004,87.200000000000003,14.830000000000000,13816.000000000000000,63.000000000000000,70.000000000000000,74.000000000000000,77.000000000000000,79.000000000000000,81.000000000000000,83.000000000000000,84.000000000000000,86.000000000000000,87.000000000000000,89.000000000000000,90.000000000000000,92.000000000000000,94.000000000000000,96.000000000000000,99.000000000000000,102.000000000000000,105.000000000000000,111.000000000000000
,89.000000000000000,1.880000000000000,1.760000000000000,1.080000000000000,86.659999999999997,81.670000000000002,87.000000000000000,15.449999999999999,13824.000000000000000,61.000000000000000,69.000000000000000,73.000000000000000,76.000000000000000,79.000000000000000,81.000000000000000,83.000000000000000,84.000000000000000,86.000000000000000,87.000000000000000,88.000000000000000,90.000000000000000,92.000000000000000,94.000000000000000,96.000000000000000,98.000000000000000,101.000000000000000,105.000000000000000,110.000000000000000
,90.000000000000000,2.940000000000000,2.520000000000000,0.920000000000000,85.459999999999994,74.040000000000006,86.299999999999997,17.000000000000000,13806.000000000000000,59.000000000000000,68.000000000000000,72.000000000000000,75.000000000000000,78.000000000000000,80.000000000000000,82.000000000000000,84.000000000000000,85.000000000000000,86.000000000000000,88.000000000000000,89.000000000000000,91.000000000000000,93.000000000000000,95.000000000000000,98.000000000000000,100.000000000000000,104.000000000000000,110.000000000000000
,91.000000000000000,1.370000000000000,1.260000000000000,1.200000000000000,85.629999999999995,78.909999999999997,85.799999999999997,14.949999999999999,13615.000000000000000,62.000000000000000,69.000000000000000,73.000000000000000,76.000000000000000,78.000000000000000,80.000000000000000,82.000000000000000,83.000000000000000,84.000000000000000,86.000000000000000,87.000000000000000,89.000000000000000,90.000000000000000,92.000000000000000,94.000000000000000,96.000000000000000,99.000000000000000,103.000000000000000,109.000000000000000
,92.000000000000000,2.470000000000000,2.270000000000000,1.190000000000000,85.909999999999997,78.739999999999995,86.000000000000000,14.770000000000000,13613.000000000000000,63.000000000000000,70.000000000000000,73.000000000000000,76.000000000000000,78.000000000000000,80.000000000000000,82.000000000000000,83.000000000000000,85.000000000000000,86.000000000000000,87.000000000000000,89.000000000000000,90.000000000000000,92.000000000000000,94.000000000000000,96.000000000000000,99.000000000000000,103.000000000000000,109.000000000000000
,93.000000000000000,4.780000000000000,4.390000000000000,1.220000000000000,86.579999999999998,79.579999999999998,86.700000000000003,14.760000000000000,13607.000000000000000,63.000000000000000,70.000000000000000,74.000000000000000,77.000000000000000,79.000000000000000,81.000000000000000,83.000000000000000,84.000000000000000,85.000000000000000,87.000000000000000,88.000000000000000,89.000000000000000,91.000000000000000,93.000000000000000,95.000000000000000,97.000000000000000,100.000000000000000,104.000000000000000,110.000000000000000
,94.000000000000000,37.380000000000003,35.930000000000000,1.200000000000000,83.469999999999999,80.359999999999999,83.599999999999994,13.350000000000000,13393.000000000000000,62.000000000000000,68.000000000000000,72.000000000000000,74.000000000000000,76.000000000000000,78.000000000000000,80.000000000000000,81.000000000000000,83.000000000000000,84.000000000000000,85.000000000000000,86.000000000000000,87.000000000000000,89.000000000000000,91.000000000000000,93.000000000000000,96.000000000000000,99.000000000000000,105.000000000000000
,95.000000000000000,6.310000000000000,6.150000000000000,1.220000000000000,79.120000000000005,76.799999999999997,78.799999999999997,13.029999999999999,13567.000000000000000,58.000000000000000,63.000000000000000,66.000000000000000,69.000000000000000,71.000000000000000,73.000000000000000,74.000000000000000,76.000000000000000,77.000000000000000,79.000000000000000,80.000000000000000,82.000000000000000,84.000000000000000,85.000000000000000,87.000000000000000,89.000000000000000,92.000000000000000,95.000000000000000,101.000000000000000
,96.000000000000000,4.460000000000000,4.330000000000000,1.240000000000000,73.400000000000006,71.400000000000006,73.500000000000000,11.779999999999999,13618.000000000000000,54.000000000000000,58.000000000000000,61.000000000000000,64.000000000000000,66.000000000000000,68.000000000000000,69.000000000000000,71.000000000000000,72.000000000000000,74.000000000000000,75.000000000000000,76.000000000000000,78.000000000000000,79.000000000000000,81.000000000000000,83.000000000000000,85.000000000000000,88.000000000000000,92.000000000000000
,97.000000000000000,9.220000000000001,8.970000000000001,1.250000000000000,71.060000000000002,69.230000000000004,71.099999999999994,11.210000000000001,13590.000000000000000,53.000000000000000,57.000000000000000,60.000000000000000,62.000000000000000,63.000000000000000,65.000000000000000,67.000000000000000,68.000000000000000,70.000000000000000,71.000000000000000,72.000000000000000,74.000000000000000,75.000000000000000,77.000000000000000,78.000000000000000,80.000000000000000,82.000000000000000,85.000000000000000,90.000000000000000
,98.000000000000000,15.760000000000000,15.390000000000001,1.230000000000000,70.930000000000007,69.239999999999995,70.900000000000006,10.750000000000000,13575.000000000000000,54.000000000000000,57.000000000000000,60.000000000000000,62.000000000000000,64.000000000000000,65.000000000000000,67.000000000000000,68.000000000000000,70.000000000000000,71.000000000000000,72.000000000000000,74.000000000000000,75.000000000000000,76.000000000000000,78.000000000000000,80.000000000000000,82.000000000000000,84.000000000000000,89.000000000000000
,99.000000000000000,2.290000000000000,2.210000000000000,1.230000000000000,69.420000000000002,66.939999999999998,69.400000000000006,12.570000000000000,13670.000000000000000,49.000000000000000,54.000000000000000,57.000000000000000,59.000000000000000,61.000000000000000,63.000000000000000,65.000000000000000,66.000000000000000,68.000000000000000,69.000000000000000,71.000000000000000,73.000000000000000,74.000000000000000,76.000000000000000,78.000000000000000,80.000000000000000,82.000000000000000,85.000000000000000,90.000000000000000
,100.000000000000000,2.250000000000000,2.160000000000000,1.240000000000000,67.530000000000001,64.790000000000006,67.500000000000000,13.029999999999999,13662.000000000000000,46.000000000000000,51.000000000000000,54.000000000000000,57.000000000000000,59.000000000000000,61.000000000000000,63.000000000000000,64.000000000000000,66.000000000000000,68.000000000000000,69.000000000000000,71.000000000000000,72.000000000000000,74.000000000000000,76.000000000000000,78.000000000000000,81.000000000000000,84.000000000000000,89.000000000000000
,101.000000000000000,3.540000000000000,3.390000000000000,1.270000000000000,63.689999999999998,60.850000000000001,63.399999999999999,13.109999999999999,13664.000000000000000,43.000000000000000,47.000000000000000,50.000000000000000,53.000000000000000,55.000000000000000,57.000000000000000,59.000000000000000,60.000000000000000,62.000000000000000,63.000000000000000,65.000000000000000,67.000000000000000,68.000000000000000,70.000000000000000,72.000000000000000,74.000000000000000,77.000000000000000,80.000000000000000,86.000000000000000
,102.000000000000000,14.470000000000001,14.010000000000000,1.290000000000000,59.930000000000000,57.500000000000000,59.399999999999999,11.910000000000000,13592.000000000000000,41.000000000000000,45.000000000000000,48.000000000000000,50.000000000000000,52.000000000000000,54.000000000000000,55.000000000000000,57.000000000000000,58.000000000000000,59.000000000000000,61.000000000000000,62.000000000000000,64.000000000000000,65.000000000000000,67.000000000000000,69.000000000000000,72.000000000000000,75.000000000000000,81.000000000000000
,103.000000000000000,22.270000000000000,21.760000000000002,1.220000000000000,70.819999999999993,69.269999999999996,70.900000000000006,10.260000000000000,13541.000000000000000,54.000000000000000,58.000000000000000,61.000000000000000,63.000000000000000,64.000000000000000,66.000000000000000,67.000000000000000,68.000000000000000,70.000000000000000,71.000000000000000,72.000000000000000,73.000000000000000,75.000000000000000,76.000000000000000,77.000000000000000,79.000000000000000,81.000000000000000,83.000000000000000,87.000000000000000
,104.000000000000000,8.720000000000001,8.529999999999999,1.150000000000000,87.370000000000005,85.129999999999995,87.099999999999994,13.170000000000000,13603.000000000000000,67.000000000000000,72.000000000000000,74.000000000000000,76.000000000000000,78.000000000000000,80.000000000000000,82.000000000000000,84.000000000000000,86.000000000000000,87.000000000000000,89.000000000000000,90.000000000000000,92.000000000000000,94.000000000000000,96.000000000000000,98.000000000000000,101.000000000000000,104.000000000000000,109.000000000000000
,105.000000000000000,1.740000000000000,1.710000000000000,1.140000000000000,91.099999999999994,88.689999999999998,90.299999999999997,14.070000000000000,13649.000000000000000,68.000000000000000,74.000000000000000,77.000000000000000,80.000000000000000,82.000000000000000,84.000000000000000,86.000000000000000,87.000000000000000,89.000000000000000,90.000000000000000,92.000000000000000,94.000000000000000,96.000000000000000,98.000000000000000,100.000000000000000,102.000000000000000,105.000000000000000,109.000000000000000,115.000000000000000
,106.000000000000000,3.530000000000000,3.410000000000000,1.140000000000000,91.359999999999999,87.750000000000000,90.799999999999997,14.630000000000001,13612.000000000000000,69.000000000000000,74.000000000000000,78.000000000000000,81.000000000000000,83.000000000000000,85.000000000000000,86.000000000000000,88.000000000000000,89.000000000000000,91.000000000000000,93.000000000000000,94.000000000000000,96.000000000000000,98.000000000000000,100.000000000000000,103.000000000000000,106.000000000000000,109.000000000000000,115.000000000000000
,107.000000000000000,40.600000000000001,40.390000000000001,1.150000000000000,91.680000000000007,90.019999999999996,90.500000000000000,12.109999999999999,13346.000000000000000,72.000000000000000,77.000000000000000,81.000000000000000,83.000000000000000,85.000000000000000,86.000000000000000,87.000000000000000,88.000000000000000,89.000000000000000,91.000000000000000,92.000000000000000,94.000000000000000,95.000000000000000,97.000000000000000,99.000000000000000,101.000000000000000,104.000000000000000,107.000000000000000,112.000000000000000
,108.000000000000000,40.560000000000002,40.490000000000002,1.170000000000000,90.280000000000001,88.640000000000001,88.799999999999997,12.119999999999999,13318.000000000000000,72.000000000000000,76.000000000000000,79.000000000000000,82.000000000000000,83.000000000000000,84.000000000000000,86.000000000000000,87.000000000000000,88.000000000000000,89.000000000000000,90.000000000000000,92.000000000000000,93.000000000000000,95.000000000000000,98.000000000000000,100.000000000000000,102.000000000000000,106.000000000000000,111.000000000000000
,109.000000000000000,8.980000000000000,8.859999999999999,1.190000000000000,87.079999999999998,84.989999999999995,86.200000000000003,13.449999999999999,13458.000000000000000,66.000000000000000,71.000000000000000,74.000000000000000,77.000000000000000,79.000000000000000,80.000000000000000,82.000000000000000,83.000000000000000,85.000000000000000,86.000000000000000,88.000000000000000,89.000000000000000,91.000000000000000,93.000000000000000,95.000000000000000,98.000000000000000,101.000000000000000,104.000000000000000,110.000000000000000
,110.000000000000000,7.520000000000000,7.360000000000000,1.190000000000000,83.930000000000007,81.689999999999998,83.400000000000006,13.560000000000000,13474.000000000000000,62.000000000000000,67.000000000000000,71.000000000000000,73.000000000000000,76.000000000000000,77.000000000000000,79.000000000000000,81.000000000000000,82.000000000000000,83.000000000000000,85.000000000000000,86.000000000000000,88.000000000000000,90.000000000000000,92.000000000000000,94.000000000000000,97.000000000000000,101.000000000000000,107.000000000000000
,111.000000000000000,38.659999999999997,38.119999999999997,1.170000000000000,87.700000000000003,85.870000000000005,87.099999999999994,12.240000000000000,13236.000000000000000,68.000000000000000,73.000000000000000,76.000000000000000,79.000000000000000,80.000000000000000,82.000000000000000,83.000000000000000,85.000000000000000,86.000000000000000,87.000000000000000,88.000000000000000,90.000000000000000,91.000000000000000,93.000000000000000,95.000000000000000,97.000000000000000,100.000000000000000,103.000000000000000,108.000000000000000
,112.000000000000000,1.090000000000000,1.070000000000000,1.170000000000000,86.590000000000003,84.519999999999996,86.000000000000000,13.010000000000000,13408.000000000000000,66.000000000000000,71.000000000000000,75.000000000000000,77.000000000000000,79.000000000000000,81.000000000000000,82.000000000000000,83.000000000000000,85.000000000000000,86.000000000000000,87.000000000000000,89.000000000000000,90.000000000000000,92.000000000000000,94.000000000000000,97.000000000000000,99.000000000000000,103.000000000000000,108.000000000000000
,113.000000000000000,2.100000000000000,2.060000000000000,1.160000000000000,86.260000000000005,84.129999999999995,85.700000000000003,13.039999999999999,13400.000000000000000,66.000000000000000,71.000000000000000,74.000000000000000,77.000000000000000,79.000000000000000,80.000000000000000,82.000000000000000,83.000000000000000,85.000000000000000,86.000000000000000,87.000000000000000,88.000000000000000,90.000000000000000,92.000000000000000,94.000000000000000,96.000000000000000,99.000000000000000,102.000000000000000,108.000000000000000
,114.000000000000000,2.030000000000000,1.980000000000000,1.160000000000000,86.030000000000001,83.540000000000006,85.599999999999994,13.230000000000000,13404.000000000000000,65.000000000000000,71.000000000000000,74.000000000000000,76.000000000000000,78.000000000000000,80.000000000000000,82.000000000000000,83.000000000000000,84.000000000000000,86.000000000000000,87.000000000000000,88.000000000000000,90.000000000000000,92.000000000000000,94.000000000000000,96.000000000000000,99.000000000000000,102.000000000000000,108.000000000000000
,115.000000000000000,20.039999999999999,19.829999999999998,1.150000000000000,87.870000000000005,86.090000000000003,87.000000000000000,12.330000000000000,13220.000000000000000,69.000000000000000,74.000000000000000,77.000000000000000,79.000000000000000,81.000000000000000,82.000000000000000,83.000000000000000,85.000000000000000,86.000000000000000,87.000000000000000,88.000000000000000,90.000000000000000,91.000000000000000,93.000000000000000,95.000000000000000,97.000000000000000,100.000000000000000,103.000000000000000,109.000000000000000
,116.000000000000000,19.910000000000000,19.920000000000002,1.110000000000000,92.620000000000005,90.849999999999994,90.799999999999997,12.520000000000000,13215.000000000000000,73.000000000000000,78.000000000000000,81.000000000000000,83.000000000000000,85.000000000000000,87.000000000000000,88.000000000000000,89.000000000000000,91.000000000000000,91.000000000000000,92.000000000000000,94.000000000000000,96.000000000000000,98.000000000000000,100.000000000000000,102.000000000000000,105.000000000000000,108.000000000000000,114.000000000000000
,117.000000000000000,2.160000000000000,2.150000000000000,1.100000000000000,96.849999999999994,94.969999999999999,95.400000000000006,13.510000000000000,13310.000000000000000,77.000000000000000,82.000000000000000,85.000000000000000,87.000000000000000,88.000000000000000,90.000000000000000,91.000000000000000,92.000000000000000,94.000000000000000,95.000000000000000,97.000000000000000,99.000000000000000,101.000000000000000,103.000000000000000,105.000000000000000,107.000000000000000,110.000000000000000,114.000000000000000,120.000000000000000
,118.000000000000000,6.610000000000000,6.590000000000000,1.100000000000000,95.069999999999993,93.329999999999998,93.700000000000003,12.830000000000000,13065.000000000000000,76.000000000000000,81.000000000000000,84.000000000000000,86.000000000000000,87.000000000000000,89.000000000000000,90.000000000000000,91.000000000000000,92.000000000000000,94.000000000000000,95.000000000000000,97.000000000000000,99.000000000000000,101.000000000000000,103.000000000000000,105.000000000000000,108.000000000000000,112.000000000000000,117.000000000000000
,119.000000000000000,4.960000000000000,4.940000000000000,1.120000000000000,92.159999999999997,90.170000000000002,90.500000000000000,12.609999999999999,12962.000000000000000,73.000000000000000,78.000000000000000,81.000000000000000,83.000000000000000,84.000000000000000,86.000000000000000,87.000000000000000,88.000000000000000,89.000000000000000,91.000000000000000,92.000000000000000,94.000000000000000,95.000000000000000,97.000000000000000,100.000000000000000,102.000000000000000,105.000000000000000,109.000000000000000,114.000000000000000
,120.000000000000000,1.470000000000000,1.470000000000000,1.120000000000000,91.239999999999995,89.439999999999998,89.599999999999994,12.779999999999999,12981.000000000000000,72.000000000000000,77.000000000000000,80.000000000000000,82.000000000000000,83.000000000000000,85.000000000000000,86.000000000000000,87.000000000000000,88.000000000000000,90.000000000000000,91.000000000000000,93.000000000000000,95.000000000000000,97.000000000000000,99.000000000000000,101.000000000000000,104.000000000000000,108.000000000000000,114.000000000000000
,121.000000000000000,5.970000000000000,5.950000000000000,1.120000000000000,90.060000000000002,88.250000000000000,88.599999999999994,12.779999999999999,12777.000000000000000,71.000000000000000,75.000000000000000,79.000000000000000,81.000000000000000,82.000000000000000,84.000000000000000,85.000000000000000,86.000000000000000,87.000000000000000,89.000000000000000,90.000000000000000,92.000000000000000,93.000000000000000,96.000000000000000,98.000000000000000,100.000000000000000,103.000000000000000,107.000000000000000,112.000000000000000
,122.000000000000000,1.480000000000000,1.470000000000000,1.120000000000000,88.840000000000003,86.870000000000005,87.700000000000003,13.109999999999999,13001.000000000000000,68.000000000000000,73.000000000000000,77.000000000000000,79.000000000000000,81.000000000000000,82.000000000000000,84.000000000000000,85.000000000000000,86.000000000000000,88.000000000000000,89.000000000000000,91.000000000000000,93.000000000000000,95.000000000000000,97.000000000000000,99.000000000000000,102.000000000000000,106.000000000000000,111.000000000000000
,123.000000000000000,1.950000000000000,1.920000000000000,1.120000000000000,88.069999999999993,86.030000000000001,87.099999999999994,13.260000000000000,13007.000000000000000,67.000000000000000,72.000000000000000,76.000000000000000,78.000000000000000,80.000000000000000,82.000000000000000,83.000000000000000,84.000000000000000,86.000000000000000,87.000000000000000,88.000000000000000,90.000000000000000,92.000000000000000,94.000000000000000,96.000000000000000,99.000000000000000,102.000000000000000,105.000000000000000,111.000000000000000